INSERT INTO ApplicationSettings (Id, SettingName, SettingValue) VALUES (1, 'ClashOfStatsClanLink', 'https://www.clashofstats.com/clans/{0}');
INSERT INTO ApplicationSettings (Id, SettingName, SettingValue) VALUES (2, 'ClashOfStatsPlayerLink', 'https://www.clashofstats.com/players/{0}');
INSERT INTO ApplicationSettings (Id, SettingName, SettingValue) VALUES (3, 'ClashSpotClanLink', 'https://clashspot.net/fr/clan/{0}/view/home-village');
INSERT INTO ApplicationSettings (Id, SettingName, SettingValue) VALUES (4, 'ClashSpotPlayerLink', 'https://clashspot.net/fr/player/{0}/view/home-village');
INSERT INTO Clans (Id, Name, Hash) VALUES (1, 'Clash of Adulte', '#PJJRL2QC');
INSERT INTO Clans (Id, Name, Hash) VALUES (2, 'Grosse Deconne', '#YCRQJ82L');
INSERT INTO Warriors (Id, Name, Hash, TownHallLevel, TownHallLevelMaturity, ClanId, ArrivalDate) VALUES (1, '-Seezh', '#PLVGVGG29', 11, 2, 2, '2020-02-14 00:00:00');
INSERT INTO Warriors (Id, Name, Hash, TownHallLevel, TownHallLevelMaturity, ClanId, ArrivalDate) VALUES (2, '-Seezh.2', '#CYC2Q0UJ', 9, 2, 2, '2020-07-01 00:00:00');
INSERT INTO Warriors (Id, Name, Hash, TownHallLevel, TownHallLevelMaturity, ClanId, ArrivalDate) VALUES (3, '8willow8', '#9CRVRUJP8', 13, 2, 1, '2020-03-24 00:00:00');
INSERT INTO Warriors (Id, Name, Hash, TownHallLevel, TownHallLevelMaturity, ClanId, ArrivalDate) VALUES (4, 'Anax Empereur', '#Y2JRP20QC', 12, 0, 1, '2017-11-21 00:00:00');
INSERT INTO Warriors (Id, Name, Hash, TownHallLevel, TownHallLevelMaturity, ClanId, ArrivalDate) VALUES (5, 'Ashen_shu', '#2LY22Y0L', 13, 0, 1, '2020-05-01 00:00:00');
INSERT INTO Warriors (Id, Name, Hash, TownHallLevel, TownHallLevelMaturity, ClanId, ArrivalDate) VALUES (6, 'Athena', '#28UQJJJR8', 13, 2, 2, '2017-10-09 00:00:00');
INSERT INTO Warriors (Id, Name, Hash, TownHallLevel, TownHallLevelMaturity, ClanId, ArrivalDate) VALUES (7, 'Aymeric SinFein', '#CQCVP0RL', 11, 2, 2, '2020-08-12 00:00:00');
INSERT INTO Warriors (Id, Name, Hash, TownHallLevel, TownHallLevelMaturity, ClanId, ArrivalDate) VALUES (8, 'ben', '#LYLU8YVC', 9, 1, 2, '2021-01-12 00:00:00');
INSERT INTO Warriors (Id, Name, Hash, TownHallLevel, TownHallLevelMaturity, ClanId, ArrivalDate) VALUES (9, 'Blizzar', '#LQL0VP0CG', 10, 0, 2, '2020-11-03 00:00:00');
INSERT INTO Warriors (Id, Name, Hash, TownHallLevel, TownHallLevelMaturity, ClanId, ArrivalDate) VALUES (10, 'Blokos', '#2QV0JGLYG', 13, 2, 2, '2017-09-01 00:00:00');
INSERT INTO Warriors (Id, Name, Hash, TownHallLevel, TownHallLevelMaturity, ClanId, ArrivalDate) VALUES (11, 'Boum DubFire', '#2JV02CJ8', 13, 2, 1, '2019-06-15 00:00:00');
INSERT INTO Warriors (Id, Name, Hash, TownHallLevel, TownHallLevelMaturity, ClanId, ArrivalDate) VALUES (12, 'Caro.Sumeriene', '#RJ9UYVPU', 13, 2, 1, '2020-07-21 00:00:00');
INSERT INTO Warriors (Id, Name, Hash, TownHallLevel, TownHallLevelMaturity, ClanId, ArrivalDate) VALUES (13, 'Cece', '#LVL20UQPJ', 10, 0, 1, '2021-01-22 00:00:00');
INSERT INTO Warriors (Id, Name, Hash, TownHallLevel, TownHallLevelMaturity, ClanId, ArrivalDate) VALUES (14, 'Chhun', '#Y8L9RLYGR', 10, 1, 2, '2020-08-01 00:00:00');
INSERT INTO Warriors (Id, Name, Hash, TownHallLevel, TownHallLevelMaturity, ClanId, ArrivalDate) VALUES (15, 'Circaete', '#YGJ0J8ULP', 10, 2, 1, '2018-07-31 00:00:00');
INSERT INTO Warriors (Id, Name, Hash, TownHallLevel, TownHallLevelMaturity, ClanId, ArrivalDate) VALUES (16, 'cirdec', '#9QU88Y922', 13, 2, 1, '2020-06-18 00:00:00');
INSERT INTO Warriors (Id, Name, Hash, TownHallLevel, TownHallLevelMaturity, ClanId, ArrivalDate) VALUES (17, 'Dark splinter', '#CY2RC9VY', 11, 2, 2, '2020-03-31 00:00:00');
INSERT INTO Warriors (Id, Name, Hash, TownHallLevel, TownHallLevelMaturity, ClanId, ArrivalDate) VALUES (18, 'Djobidjoba', '#2Y20PRQG9', 13, 1, 1, '2020-05-01 00:00:00');
INSERT INTO Warriors (Id, Name, Hash, TownHallLevel, TownHallLevelMaturity, ClanId, ArrivalDate) VALUES (19, 'Dragosys', '#8CPGPLG99', 11, 0, 1, '2017-07-25 00:00:00');
INSERT INTO Warriors (Id, Name, Hash, TownHallLevel, TownHallLevelMaturity, ClanId, ArrivalDate) VALUES (20, 'ENDO NAKAMURA', '#8JLYQ9QRQ', 11, 2, 2, '2020-09-22 00:00:00');
INSERT INTO Warriors (Id, Name, Hash, TownHallLevel, TownHallLevelMaturity, ClanId, ArrivalDate) VALUES (21, 'excalibur', '#9LCJCP0YQ', 13, 2, 2, '2017-10-09 00:00:00');
INSERT INTO Warriors (Id, Name, Hash, TownHallLevel, TownHallLevelMaturity, ClanId, ArrivalDate) VALUES (22, 'exes74', '#82JPJ2G92', 13, 3, 1, '2020-05-02 00:00:00');
INSERT INTO Warriors (Id, Name, Hash, TownHallLevel, TownHallLevelMaturity, ClanId, ArrivalDate) VALUES (23, 'frodo001', '#202VGP2PC', 13, 2, 1, '2020-05-01 00:00:00');
INSERT INTO Warriors (Id, Name, Hash, TownHallLevel, TownHallLevelMaturity, ClanId, ArrivalDate) VALUES (24, 'Geant Vert', '#9CC0JUCPU', 13, 1, 1, '2020-09-27 00:00:00');
INSERT INTO Warriors (Id, Name, Hash, TownHallLevel, TownHallLevelMaturity, ClanId, ArrivalDate) VALUES (25, 'GrandSchtroumpf', '#98V0PPUG', 13, 2, 1, '2020-09-27 00:00:00');
INSERT INTO Warriors (Id, Name, Hash, TownHallLevel, TownHallLevelMaturity, ClanId, ArrivalDate) VALUES (26, 'hugo.2', '#220V2YGQ2', 13, 0, 1, '2020-06-24 00:00:00');
INSERT INTO Warriors (Id, Name, Hash, TownHallLevel, TownHallLevelMaturity, ClanId, ArrivalDate) VALUES (27, 'Jason d''Or', '#9CVLC8JG8', 11, 2, 1, '2017-07-25 00:00:00');
INSERT INTO Warriors (Id, Name, Hash, TownHallLevel, TownHallLevelMaturity, ClanId, ArrivalDate) VALUES (28, 'Kratos', '#22PQRY0PJ', 11, 2, 2, '2020-07-21 00:00:00');
INSERT INTO Warriors (Id, Name, Hash, TownHallLevel, TownHallLevelMaturity, ClanId, ArrivalDate) VALUES (29, 'layana', '#8GUC2YL8C', 11, 2, 1, '2020-12-21 00:00:00');
INSERT INTO Warriors (Id, Name, Hash, TownHallLevel, TownHallLevelMaturity, ClanId, ArrivalDate) VALUES (30, 'Linette', '#82G2GU20C', 11, 2, 2, '2018-01-16 00:00:00');
INSERT INTO Warriors (Id, Name, Hash, TownHallLevel, TownHallLevelMaturity, ClanId, ArrivalDate) VALUES (31, 'loulou78', '#LGY9C0JJ', 11, 2, 1, '2020-05-11 00:00:00');
INSERT INTO Warriors (Id, Name, Hash, TownHallLevel, TownHallLevelMaturity, ClanId, ArrivalDate) VALUES (32, 'matheo', '#29PG2QC98', 13, 3, 2, '2017-09-01 00:00:00');
INSERT INTO Warriors (Id, Name, Hash, TownHallLevel, TownHallLevelMaturity, ClanId, ArrivalDate) VALUES (33, 'mimi83', '#829U8UVC', 13, 3, 1, '2016-09-07 00:00:00');
INSERT INTO Warriors (Id, Name, Hash, TownHallLevel, TownHallLevelMaturity, ClanId, ArrivalDate) VALUES (34, 'Manu Le Barbu', '#2802L0Y8Y', 13, 1, 1, '2017-07-24 00:00:00');
INSERT INTO Warriors (Id, Name, Hash, TownHallLevel, TownHallLevelMaturity, ClanId, ArrivalDate) VALUES (35, 'mathexca', '#Y8G20VQRJ', 13, 2, 2, '2018-03-02 00:00:00');
INSERT INTO Warriors (Id, Name, Hash, TownHallLevel, TownHallLevelMaturity, ClanId, ArrivalDate) VALUES (36, 'Mini Robin', '#2C89C9GUQ', 12, 0, 2, '2020-06-23 00:00:00');
INSERT INTO Warriors (Id, Name, Hash, TownHallLevel, TownHallLevelMaturity, ClanId, ArrivalDate) VALUES (37, 'Nathor', '#282RQVV8', 12, 2, 1, '2020-05-01 00:00:00');
INSERT INTO Warriors (Id, Name, Hash, TownHallLevel, TownHallLevelMaturity, ClanId, ArrivalDate) VALUES (38, 'Nigian', '#CJLGQPYU', 13, 2, 1, '2020-05-01 00:00:00');
INSERT INTO Warriors (Id, Name, Hash, TownHallLevel, TownHallLevelMaturity, ClanId, ArrivalDate) VALUES (39, 'olympe', '#2YJY009G8', 12, 1, 1, '2018-02-13 00:00:00');
INSERT INTO Warriors (Id, Name, Hash, TownHallLevel, TownHallLevelMaturity, ClanId, ArrivalDate) VALUES (40, 'OnAPrisMonBlaz', '#22LJV0GGC', 11, 2, 1, '2020-07-29 00:00:00');
INSERT INTO Warriors (Id, Name, Hash, TownHallLevel, TownHallLevelMaturity, ClanId, ArrivalDate) VALUES (41, 'Oracle', '#2LQCQGC0U', 13, 1, 1, '2018-02-13 00:00:00');
INSERT INTO Warriors (Id, Name, Hash, TownHallLevel, TownHallLevelMaturity, ClanId, ArrivalDate) VALUES (42, 'Orion', '#YPLJLQQY2', 13, 0, 2, '2018-08-14 00:00:00');
INSERT INTO Warriors (Id, Name, Hash, TownHallLevel, TownHallLevelMaturity, ClanId, ArrivalDate) VALUES (43, 'pakakay', '#8QCQCR0CR', 13, 1, 2, '2020-08-01 00:00:00');
INSERT INTO Warriors (Id, Name, Hash, TownHallLevel, TownHallLevelMaturity, ClanId, ArrivalDate) VALUES (44, 'Pascal', '#2JGUPUPVP', 13, 2, 1, '2016-09-07 00:00:00');
INSERT INTO Warriors (Id, Name, Hash, TownHallLevel, TownHallLevelMaturity, ClanId, ArrivalDate) VALUES (45, 'ptitcheipe', '#V2VJCL', 12, 2, 1, '2020-07-21 00:00:00');
INSERT INTO Warriors (Id, Name, Hash, TownHallLevel, TownHallLevelMaturity, ClanId, ArrivalDate) VALUES (46, 'Robin', '#2928LUL2', 12, 2, 2, '2020-02-12 00:00:00');
INSERT INTO Warriors (Id, Name, Hash, TownHallLevel, TownHallLevelMaturity, ClanId, ArrivalDate) VALUES (47, 'smooth', '#UCJQLYP2', 12, 1, 1, '2018-04-24 00:00:00');
INSERT INTO Warriors (Id, Name, Hash, TownHallLevel, TownHallLevelMaturity, ClanId, ArrivalDate) VALUES (48, 'spartacus', '#QVGLV88', 13, 1, 1, '2020-07-20 00:00:00');
INSERT INTO Warriors (Id, Name, Hash, TownHallLevel, TownHallLevelMaturity, ClanId, ArrivalDate) VALUES (49, 'spoul 03/20', '#LQJ2CQVC0', 11, 2, 2, '2020-03-03 00:00:00');
INSERT INTO Warriors (Id, Name, Hash, TownHallLevel, TownHallLevelMaturity, ClanId, ArrivalDate) VALUES (50, 'St Porteur', '#YCVCGRY0', 13, 3, 1, '2020-05-01 00:00:00');
INSERT INTO Warriors (Id, Name, Hash, TownHallLevel, TownHallLevelMaturity, ClanId, ArrivalDate) VALUES (51, 'Thanos', '#22R8V8RQU', 12, 2, 1, '2017-08-09 00:00:00');
INSERT INTO Warriors (Id, Name, Hash, TownHallLevel, TownHallLevelMaturity, ClanId, ArrivalDate) VALUES (52, 'the Killers', '#8QCLL2Q0', 12, 2, 1, '2020-07-21 00:00:00');
INSERT INTO Warriors (Id, Name, Hash, TownHallLevel, TownHallLevelMaturity, ClanId, ArrivalDate) VALUES (53, 'Tobotox_33', '#JCQCUY28', 10, 2, 2, '2021-01-17 00:00:00');
INSERT INTO Warriors (Id, Name, Hash, TownHallLevel, TownHallLevelMaturity, ClanId, ArrivalDate) VALUES (54, 'TopMoumouth', '#VPPUJYQV', 12, 2, 1, '2018-02-15 00:00:00');
INSERT INTO Warriors (Id, Name, Hash, TownHallLevel, TownHallLevelMaturity, ClanId, ArrivalDate) VALUES (55, 'willow', '#8P80RU82C', 13, 3, 1, '2020-03-25 00:00:00');
INSERT INTO Warriors (Id, Name, Hash, TownHallLevel, TownHallLevelMaturity, ClanId, ArrivalDate) VALUES (56, 'xavierh', '#2GY8RYUV', 13, 2, 1, '2020-05-01 00:00:00');
INSERT INTO Warriors (Id, Name, Hash, TownHallLevel, TownHallLevelMaturity, ClanId, ArrivalDate) VALUES (57, 'Xena-La-Finaude', '#2C92R9VYY', 12, 2, 1, '2020-05-01 00:00:00');
INSERT INTO Warriors (Id, Name, Hash, TownHallLevel, TownHallLevelMaturity, ClanId, ArrivalDate) VALUES (58, 'XenoWarp2', '#YVLJ8UVU8', 10, 0, 2, '2020-09-29 00:00:00');
INSERT INTO Warriors (Id, Name, Hash, TownHallLevel, TownHallLevelMaturity, ClanId, ArrivalDate) VALUES (59, 'xXAngelXx', '#9QJCV2LQ2', 11, 1, 2, '2018-01-16 00:00:00');
INSERT INTO Warriors (Id, Name, Hash, TownHallLevel, TownHallLevelMaturity, ClanId, ArrivalDate) VALUES (60, 'Yakiller', '#CL9CCQU9', 13, 3, 1, '2017-07-25 00:00:00');